<?xml version="1.0" encoding="UTF-8"?>

<!-- 
 * converters.xml
 *
 * Copyright (C) 2017 Universidad de Sevilla
 * 
 * The use of this project is hereby constrained to the conditions of the 
 * TDG Licence, a copy of which you may download from 
 * http://www.tdg-seville.info/License.html
 -->

<beans xmlns="http://www.springframework.org/schema/beans"
	xmlns:xsi="http://www.w3.org/2001/XMLSchema-instance" xmlns:util="http://www.springframework.org/schema/util"
	xsi:schemaLocation="
		http://www.springframework.org/schema/beans http://www.springframework.org/schema/beans/spring-beans-4.0.xsd		
		http://www.springframework.org/schema/util http://www.springframework.org/schema/util/spring-util-4.0.xsd		
	">

	<util:list id="converters">
		<!-- 
			Add your own converters using entries of the following form: 
			<bean class="converters.Class1ToClass2" /> 
		-->
		<bean class="converters.ActorToStringConverter" />
		<bean class="converters.StringToActorConverter" />
		
		<bean class="converters.AdministratorToStringConverter" />
		<bean class="converters.StringToAdministratorConverter" />
		
		<bean class="converters.AttributeToStringConverter" />
		<bean class="converters.StringToAttributeConverter" />
		
		<bean class="converters.AuditorToStringConverter" />
		<bean class="converters.StringToAuditorConverter" />
		
		<bean class="converters.AuditToStringConverter" />
		<bean class="converters.StringToAuditConverter" />
		
		<bean class="converters.AuthorityToStringConverter" />
		<bean class="converters.StringToAuthorityConverter" />
		
		<bean class="converters.CommentToStringConverter" />
		<bean class="converters.StringToCommentConverter" />
		
		<bean class="converters.FeeToStringConverter" />
		<bean class="converters.StringToFeeConverter" />
		
		<bean class="converters.FinderToStringConverter" />
		<bean class="converters.StringToFinderConverter" />
		
		<bean class="converters.InvoiceToStringConverter" />
		<bean class="converters.StringToInvoiceConverter" />
		
		<bean class="converters.LessorToStringConverter" />
		<bean class="converters.StringToLessorConverter" />
		
		<bean class="converters.PropertyToStringConverter" />
		<bean class="converters.StringToPropertyConverter" />
		
		<bean class="converters.RequestToStringConverter" />
		<bean class="converters.StringToRequestConverter" />
		
		<bean class="converters.SocialIdentityToStringConverter" />
		<bean class="converters.StringToSocialIdentityConverter" />
		
		<bean class="converters.TenantToStringConverter" />
		<bean class="converters.StringToTenantConverter" />
		
		<bean class="converters.UserAccountToStringConverter" />
		<bean class="converters.StringToUserAccountConverter" />
		
		<bean class="converters.ValueToStringConverter" />
		<bean class="converters.StringToValueConverter" />
	</util:list>
	
</beans>